{
    "label": {
        "singular": "Banner",
        "plural": "Banners"
    },
    "contenttype": "file:image",
    "icon": "picture",
    "comment": "Some comments",
    "index": {
        "position": 1
    },
    "groupby": {
        "position": 1
    },
    "helptext": "test text askldj alksdj alsdöf asölkj",
    "properties": {
        "brand": {
            "type": "select",
            "options": {
                "": "N/A",
                "brand1": "Brand name 1",
                "brand2": "Brand name 2",
                "brand3": "Brand name 3"
            }
        },
        "title": {
            "type": "string"
        },
        "subtitle": {
            "type": "string"
        },
        "flag": {
            "type": "string"
        },
        "url": {
            "type": "string",
            "default": "//"
        },
        "position": {
            "label": "Position",
            "type": "select",
            "options": {
                "none": "N/A",
                "top_left": "Top - Left",
                "top_right": "Top - Right",
                "bottom_left": "Bottom - Left",
                "bottom_right": "Bottom - Right"
            }
        }
    }
}
